user_id,predicted_fatigue_probability
U000400,20.654057089696074
U007248,60.41248561500511
U006407,59.42237124892562
U000883,69.00140466944805
U003566,72.0993030239549
U004286,46.69950476387189
U001180,13.282170055295573
U005449,12.422004948798353
U004245,41.66457383498277
U005219,50.149659720620946
U003977,10.26009862206151
U002131,29.48372638911372
U005079,93.73422043992448
U000457,80.9014028354532
U005583,32.33770185385663
U005176,17.256107622154303
U001951,8.42738699978702
U005373,56.89308124039852
U000690,38.39489517704291
U008853,32.467221506007846
U006526,21.67727628965153
U009822,13.628827646015973
U006489,44.17067017988158
U006922,49.514562542861775
U001954,60.75704791376846
U007635,17.551194198919877
U005637,50.14931385753169
U007155,26.944889708882997
U008425,58.5951132926001
U006611,37.75496098643599
U002711,82.00199925891053
U008731,50.158342181366045
U003202,67.08065641192887
U004350,15.022749631094378
U004139,74.58530826146551
U001885,31.038604729909054
U008640,63.78807259702444
U004486,11.642448647690617
U002495,88.80608451001919
U005948,24.338639617018877
U003037,21.5267040368507
U005778,27.681730063593747
U003604,12.274125165769663
U000846,51.17926602806908
U000543,88.89269200585304
U003725,19.923139861926682
U004188,26.40425864264006
U003680,20.346783911518532
U008900,26.283587834792225
U007968,22.251053267352457
U008486,60.37504475726646
U006076,44.043583760762246
U007341,33.77793757929499
U008226,48.32517302809615
U007247,40.6763582108183
U009711,24.013423199750598
U008291,28.18538393782711
U007138,68.21679241113058
U002965,37.83351318095708
U007560,23.07720212538719
U002530,13.372618790576448
U007285,58.881359218145555
U005773,45.172541094689954
U001049,24.670401032846197
U007046,85.57133115429019
U001961,7.781730739164493
U002531,35.011872512033506
U009049,41.87023559584792
U007604,32.07876643829111
U006525,31.291502829254163
U000238,70.58193460515994
U004918,38.39392389993763
U006480,21.028326699055885
U001134,32.46462326450071
U006977,84.13866056061207
U005902,85.87677760395644
U009058,27.42036374880849
U004260,13.677441743155955
U008841,14.727304636787206
U006966,12.210687131129873
U009980,67.8621418953082
U000793,52.663030877898144
U001986,38.78443925725401
U005657,26.08811172312575
U008740,19.47833414996184
U007936,11.190716092907378
U006098,10.475363696164436
U005908,33.99713385570853
U007374,14.678029581718418
U008129,84.69829976689728
U002979,22.342028179880188
U008862,26.459120773958677
U009302,25.165077025172522
U006722,17.930769595302255
U007843,5.365130491214104
U005525,25.184363114283244
U008722,20.31125008647927
U008432,32.99686117890347
U009009,31.294465644464996
U008604,20.27846707015142
U007175,66.7987160731738
U003920,9.980189431664803
U003139,32.70432378094498
U009417,58.240647935886095
U009934,84.56180725269736
U005790,61.268139757126136
U004074,29.07753715446844
U003288,87.90678679181502
U003230,15.629101603485552
U001827,38.39587325340841
U005549,27.993969467231366
U000594,61.079931575481936
U002726,41.203218370043864
U004138,79.86555598838363
U000561,19.212681707073813
U007407,27.838701106497936
U008807,43.401244035128336
U008387,27.101021924710665
U000244,57.55546928016222
U007269,50.87773885359037
U005436,90.74107709275837
U004438,76.86176852577442
U009685,42.97792520330771
U008107,50.872997369462325
U000406,70.53509047363362
U001443,49.50551001848414
U000262,41.932182549462226
U004407,87.70712227337152
U007634,62.42002182288996
U009534,94.05928416027743
U001690,59.171482300201504
U009867,13.34845543713032
U001726,18.984459442674265
U008995,16.323462977855016
U004931,33.44012810976716
U005963,82.74047739015516
U002497,34.84547956081148
U009015,21.849660656920157
U006905,55.32250731055809
U006107,28.749735345410894
U008201,23.990712028069616
U000341,8.146636566124972
U002409,45.35707640720103
U001602,22.219656740671727
U009865,59.51439618441617
U008360,41.878712189694944
U005783,44.124484497962705
U004577,18.180604765856497
U007972,30.354934065371193
U003726,14.187812759298
U002557,72.2217209694476
U002786,73.4844426180845
U001524,46.00984273177582
U007718,16.629005077706825
U002508,10.98862727880094
U002832,30.175771893583757
U001013,11.550514456748683
U005281,30.426912555109027
U004896,74.50958894281503
U001767,87.66714653432346
U004552,15.473797986282348
U007122,68.85900419271343
U006550,15.615604174585037
U004038,31.108010807134477
U008271,42.24149305783888
U000149,29.538577264382454
U000286,43.461347290765254
U007801,38.62190481246326
U009652,54.65191062899858
U000364,24.606863027883943
U005368,37.96391011813006
U009946,17.43360497144041
U008411,15.39283382828055
U009454,28.26359927786866
U004726,71.57130793431654
U007272,51.2563680867943
U006771,11.186515561938721
U004444,16.015985486961796
U007447,31.405375748117613
U000237,60.076437127072694
U007710,18.363169931080296
U009586,57.57975762753765
U002563,85.54827167277169
U007124,12.964510357756067
U008537,44.93195189118722
U009603,33.800510762376106
U005520,56.08117280018412
U009614,27.334945379359826
U003084,26.70941022220756
U002960,38.74125481256931
U002103,18.500977611359858
U000633,46.65395661415605
U006814,17.911556160723162
U002494,37.86076665623022
U002666,24.799319485726144
U008495,13.981265508367228
U008426,34.395995363286396
U009267,25.458573871486184
U004212,35.77695614482698
U003875,33.6415564851609
U002818,16.602103519853927
U008269,61.468747525066426
U009816,47.608305954704136
U007427,78.77605618725735
U008603,27.0897285340688
U008476,11.754477562513884
U001736,76.82428415242705
U007398,23.965456407021644
U004256,58.32211180237691
U008289,67.15655574056082
U002476,66.77140261000339
U009985,18.850130692338993
U003714,20.214163198843437
U008979,89.05142680078526
U001805,14.20566139855378
U000708,55.89089145345826
U009192,43.255327131612226
U005190,23.00044604442311
U005473,90.76465145857449
U000073,50.110461176453946
U007844,84.99381576320086
U005102,59.87300924467459
U006765,22.880007142566537
U001126,14.844729216557727
U001242,28.30963371887496
U008254,70.45235051959722
U002350,29.872918569750635
U006603,56.00007657988343
U006781,17.388042814378732
U004359,33.55866373214416
U001344,74.68217795667101
U009989,30.436814606202738
U008680,28.223240288472656
U009576,12.324778697936857
U006653,75.14798087520974
U001101,29.9029799710701
U007328,85.33231931084157
U007623,60.35489570561684
U000988,36.115772333134935
U002853,53.888379613323764
U000631,45.54862026494478
U001250,61.70534814965869
U003180,15.34549804451252
U000483,74.33072421161152
U003041,51.85043038806393
U005011,16.795869099699345
U008728,28.585553744957654
U007001,57.89985142419191
U003274,80.45658411253865
U007228,47.35903873665935
U003684,57.792807326848205
U006675,15.673409168785357
U006808,23.48367362059227
U009739,8.303986432658139
U001317,34.89721238394467
U003226,17.6397656930376
U001073,55.470070595466744
U004816,29.64839938048099
U008460,29.144039718012866
U005753,89.46856851699637
U009146,46.43088803144308
U004617,52.877007675826206
U003098,82.44517245496723
U006870,16.568181777729748
U001301,32.701520406554216
U007286,89.30166563639838
U006285,89.42166822254875
U005496,78.19121278326423
U005292,12.402893247201892
U001799,19.894599021831564
U005204,38.89518666619195
U008228,19.404812201325147
U005048,46.102676158054805
U006442,33.61216346367649
U008106,71.22966250397518
U002360,34.909751084401464
U009381,32.44981142456824
U003655,24.24870065660668
U007053,58.66384158022462
U001287,41.2012774298568
U009127,6.717884873345375
U004446,34.99832611787468
U002138,29.007899592420788
U006788,34.081009857707855
U009753,29.824990271281305
U008511,15.50041219351618
U009540,69.9582652870842
U006895,50.451730221775485
U008570,49.955688829669924
U007152,51.39187553804878
U000964,75.60172817434024
U006013,28.750891260326867
U004883,39.0790818851557
U000141,39.7909638146713
U009033,77.54959581731059
U006937,48.32650658320308
U006543,61.965379734062076
U005244,17.86455119572694
U004432,52.162246845084304
U000407,59.59507438286421
U008213,28.97155387369556
U008377,22.327081955268188
U008628,26.316449052193498
U008235,77.08834794832381
U004400,26.274310179627687
U005253,25.457432513949414
U000012,54.6894096607701
U004761,54.34525122586881
U001178,19.787455960795818
U002864,41.77100458979097
U006472,53.88945113460514
U006229,47.78004195030267
U002990,9.477462385800568
U007118,38.689406358908215
U007011,28.05933052987149
U008558,16.823652065141843
U001441,9.905580267242115
U009748,40.06111878828837
U002876,25.923644843213616
U009099,20.582279232378067
U008789,34.11426005611018
U007233,72.02577448416018
U003727,20.254498972839375
U002773,30.167597379479854
U000455,40.68232418911255
U008190,26.722995811580148
U001368,34.34402465772488
U003713,31.393656935178203
U009853,22.335694300946287
U001389,17.963778844050104
U001001,51.93754762608401
U007762,40.25096991490504
U003554,45.91675683243728
U004115,66.38876452839169
U001668,32.81952559816666
U003174,20.81097115734771
U009398,52.46592464413984
U000489,41.07543246233072
U003231,52.946401722143
U003829,15.864782897974697
U008652,33.72490965802845
U005209,60.143214036666194
U007849,34.75456122810199
U005705,27.499017799146607
U009640,75.67014812074774
U008134,41.34990288542884
U000704,25.80342897105891
U005106,83.64589733833535
U008894,76.33083319568385
U003292,45.69379939672694
U008126,57.405707403507996
U009632,57.44662445754513
U009022,40.07671176730841
U004910,60.10407420150049
U004441,15.669652734554365
U000987,38.80823467694932
U009237,40.40037686915574
U009884,19.783530493941438
U007706,14.18459726605883
U006258,68.2781679365789
U006090,76.13657642210683
U005239,54.770787509478446
U001199,9.407796642748208
U009071,85.38628592625585
U007520,67.00087834206346
U006813,8.949102294055427
U008321,31.131041289952837
U007176,28.008366202651903
U004471,17.58955646433655
U000892,74.15096201796464
U001970,12.37116742358673
U005758,76.39082526016719
U006528,22.66692728039034
U006295,65.3132877945335
U007596,18.68005509177223
U003250,26.211237577001995
U006571,19.122881831607685
U006639,50.80946242811305
U007352,20.049936575493078
U009173,83.16083796894618
U007474,46.08851473512035
U009602,16.956396639099538
U008674,22.594576121592134
U001240,68.34743410294092
U002290,59.20501165390286
U002741,18.50340915388745
U004586,21.980209216912446
U001230,29.09967949532736
U006981,67.13168903856452
U005179,69.04558894248595
U004294,28.379243048304332
U001059,59.1275335631759
U006263,53.74966012733163
U000282,56.02244438885163
U000969,20.59391358822086
U003954,60.925327233479386
U001940,18.99118760723225
U008465,18.472529673249003
U001275,23.410728558023397
U000620,24.675361020598487
U008506,24.062960379609102
U001743,12.161498477155181
U001391,19.684543322720817
U002204,41.12682368561915
U003569,76.99811234014203
U006117,77.63244047042434
U009971,22.239961154339696
U006053,57.385622210478836
U003179,31.420038945044354
U003193,43.04243060257981
U006100,17.251156652787778
U007030,49.8447019753587
U000576,43.39494117516217
U006657,64.10626247378974
U007116,27.30845756428008
U008803,56.74487945460687
U006277,32.91604422368181
U008985,37.896588246197574
U005898,19.634713485718112
U005725,46.26654218706729
U000270,22.4261086759296
U000630,39.65475791696263
U003082,61.911871608668676
U003467,79.6265651685116
U006431,27.352214036312205
U009312,19.536504183205647
U007063,7.479512910121004
U009728,79.03278087145388
U005544,32.5466657125836
U004357,76.05810084920708
U002114,23.563191925745965
U008220,46.61672668263563
U003217,28.401608868161215
U003815,13.33434333941906
U008322,20.41258455370145
U008590,29.38844455117654
U002279,64.04776499018644
U004600,13.431480345953792
U000014,14.220617803888835
U009226,25.69975148492789
U001526,47.460170319510695
U002366,32.64614619421954
U004649,88.11986360123981
U000375,22.379472452803633
U008522,50.061334445528175
U006478,33.388987821309236
U000526,25.731549592489696
U006896,29.881126720045998
U003592,28.09409385283405
U007905,73.4930052950002
U002959,23.086736563265266
U000530,65.92577197652703
U003715,63.094406515127986
U004733,21.084188036209017
U001395,19.255410478271983
U005632,61.995323118397884
U006564,36.44472466501416
U004704,56.42190183649125
U001713,43.251285270913904
U009756,80.40519703208338
U000956,73.93000100592153
U006676,18.136796212438846
U003454,85.83981225132064
U002072,27.83452519034226
U009741,64.49208051750529
U000159,49.96298040294047
U007006,43.58240121804434
U000353,40.48706263856655
U006079,24.028076317714174
U006237,69.91435055030082
U002921,55.036482162265365
U004645,79.54437225364953
U000662,16.090784073274797
U007058,28.543711190899852
U003666,34.70539105678412
U007980,82.6634635781808
U000307,76.794918901534
U004791,24.635868986350363
U002357,61.41136159836126
U001928,15.199228382443476
U009940,27.98261495048855
U003428,53.01674363464877
U003639,52.6556070374424
U001267,20.25272890441723
U001561,47.57483870780912
U007180,41.45366893149005
U004110,33.413263116219554
U007868,55.20004290903854
U004905,46.55704305310915
U007295,29.213086839669984
U000515,28.290123002309077
U000895,69.82984826159266
U000022,30.556261584003046
U000900,8.88577406813107
U000208,31.452338246857988
U000459,24.399265934263433
U002431,40.02219992646951
U008443,43.01822742599183
U003390,34.97111012955565
U003912,26.917850993967114
U005384,34.34743176801988
U000553,19.296026651707063
U003145,26.644269680079226
U006918,44.57201391867061
U002057,17.317470236066125
U001926,90.4155191911099
U000635,31.013596655004434
U006083,56.5009199114213
U009271,82.78655991203404
U009679,46.64126997885782
U000106,46.40930332430886
U003042,55.50379116609313
U001710,38.669091645795575
U000090,87.6271486283599
U007015,52.01018283063471
U003175,25.024874001327742
U000918,22.57016829258123
U007834,13.149178703419986
U006733,74.64265003983114
U001950,21.955408482599832
U006369,25.504698915062818
U000002,12.042238270964537
U008033,42.04838053442031
U006048,15.472139742685846
U002721,18.575358858387062
U009813,78.59861919695645
U003118,83.41107821699066
U009466,71.35147211727543
U003763,26.758236714883665
U000214,17.363644056757778
U000779,39.90187644853256
U003497,14.677170982393731
U008818,56.875662790494665
U002044,25.46738684845085
U005421,44.54998386595748
U006155,17.46547825600305
U008358,40.71343068091321
U008708,20.368135386908566
U008466,41.031150114703436
U004168,16.17203103334225
U003789,46.88494811267454
U000584,82.11779384798307
U009912,18.649006068530515
U009987,37.2516217360463
U000117,37.2490406206514
U006645,68.1786960888579
U009034,86.88876986181725
U009952,79.9697355782635
U008960,16.28355028799682
U001764,47.06107661787513
U001876,19.006139549664532
U003225,32.251082949039215
U000527,13.951418758470643
U007726,44.8075486273709
U002947,52.46486398831135
U004474,81.89220645323282
U005656,28.834552940035536
U006060,32.34770747481557
U000960,32.81260956395638
U006343,14.152545757527104
U003634,52.597573095722524
U001051,21.089939197589473
U003381,17.363984841160633
U003677,79.28208532930269
U005777,70.79212458618967
U009046,40.499485193000304
U006574,20.41533225846974
U005180,24.96977510331686
U001608,83.86114285591232
U003611,33.26401562946901
U009759,19.363264511364232
U006636,35.84191900826661
U009998,42.47574672388772
U000792,26.01545253308738
U003057,25.228295381719796
U001981,75.05354915643467
U003599,15.343401631445932
U000934,56.318882122097314
U007425,40.863475986054866
U005627,48.8376614545293
U001683,52.72219072322291
U004180,23.2367770622461
U006447,31.978894462481282
U004117,29.264012829840247
U000989,19.828554846116223
U002897,89.12678228670747
U003779,64.43668008442394
U005659,57.15253076790403
U003094,41.1485473448159
U003156,10.212249035560275
U001824,36.05369594281411
U009623,30.43511252732623
U001099,43.34297698231291
U002845,39.595382399849235
U003343,47.16721903173565
U000039,81.64191528382482
U006541,25.503058648925258
U009474,71.92999294587783
U003357,87.05592560086743
U007814,53.20558210885472
U008221,53.24815350028719
U009228,40.56825995999242
U002429,39.13258118585964
U005044,19.96473569559286
U005347,50.064040775544186
U004812,61.334104696094386
U008477,41.94429436441799
U000687,18.889252774479502
U004800,11.022213824414257
U007438,28.080747954251844
U002354,26.741958831690617
U006354,11.54584512700907
U004570,21.360410536796845
U008214,23.070449500459038
U002753,28.162650878022223
U008074,34.59047091514089
U001041,58.90692078324321
U007492,11.03952364641753
U001266,63.88327874440384
U009266,19.53576852462736
U007060,16.0398512218177
U000278,45.54993831553695
U005085,43.45698657269191
U002383,18.947032894073512
U000572,45.085002010156565
U001436,61.604328332423066
U005353,22.161232534957108
U005446,26.935738911271322
U001008,26.711756297359756
U004544,89.54941309809742
U008817,53.036647446849216
U002065,75.139281118806
U001137,16.115286659511494
U005344,59.96070452461879
U000295,15.169648398927446
U002404,11.331643530665152
U003999,77.97795219861725
U003742,51.82086224927288
U009223,28.225636646480545
U002720,35.6590982945934
U009200,47.55125234623495
U005151,46.007835563937846
U002809,54.439676213299585
U000557,56.00459111136365
U008926,58.06448218341611
U004796,37.762916939183896
U002470,12.930203586789219
U003739,11.755099511835237
U004287,47.489051309240885
U002605,29.520057529817407
U000363,31.207883939651925
U006925,61.715389418905566
U001705,37.13059105640911
U002140,15.01108212035788
U003240,43.68126913670661
U002384,36.74192030122023
U007315,63.49018899441171
U004312,24.947321790915574
U001313,23.80863215564561
U003931,51.38717679790382
U006184,39.43145039832579
U001592,40.357085934438096
U009388,15.859948451242852
U002163,63.62846579520418
U002397,38.518575619898705
U000318,28.177051220350634
U005234,87.34850583658125
U005069,18.71600001345472
U004037,49.32312890070439
U003021,20.247876926296357
U008229,86.89030692172767
U005296,68.01492737855055
U003973,50.63291829015476
U005371,34.30705708896735
U004134,46.00143119225635
U000975,22.700986037045276
U007292,18.322339502182217
U000955,90.54746561462781
U009307,46.47190602673948
U005017,16.369763180220612
U009731,34.300380875977396
U007491,26.40672958474644
U001641,26.98536803697216
U001291,60.325781752581044
U001381,16.438943885804516
U001934,28.513365837685917
U004676,29.46704552486017
U000893,23.460400395754867
U007288,41.934598170088535
U004877,33.642727750939
U007907,77.4536798073738
U008195,28.186082279161713
U009380,37.31204754391358
U002467,88.863507383534
U007658,11.948702450433297
U001914,17.70825330401411
U002737,42.93748749379698
U000727,35.53777616230477
U007215,77.29918565258332
U008246,71.06504263527746
U001797,60.797803537197005
U003846,50.58448634760122
U006403,63.69418346596921
U000937,18.42693730668418
U002266,29.220638490434066
U000825,42.56868084915036
U007275,70.31881607459289
U001390,18.896354445414534
U003565,63.48765933821395
U005430,86.79530478564533
U007828,22.094896245816074
U005691,27.44739177683546
U007879,55.3644254628427
U001869,14.459801007453624
U008203,29.921192268024583
U007487,81.78617865162198
U000807,48.41736189515939
U004806,24.037165867344967
U009153,66.55302948396398
U007512,38.64257224123615
U008057,39.504163602704395
U004495,38.08694554559684
U002633,13.934037427012344
U008901,21.324620728468712
U008624,81.25744093887769
U007833,88.30271003359238
U004389,49.160442367485196
U000146,39.88926354937721
U006468,22.71890193532343
U002034,42.64355772512488
U009128,14.601063387699131
U001166,15.12940933841043
U002051,36.462593163763344
U003761,76.3801211872031
U004436,94.08681308898483
U003431,60.415716902633235
U008191,36.08685577199844
U008754,19.220772801511508
U007070,11.042110537707577
U004362,35.026623034926715
U001772,59.19774020879295
U003512,75.97849688847195
U000272,81.16988942454735
U008437,31.17312088843575
U002033,51.602114967713675
U009665,17.06544711365713
U003811,12.405408830474645
U004347,27.11735565395797
U000546,35.695193753909
U003242,37.621521763037066
U008503,41.5651548479467
U009919,25.252134670077325
U007565,14.65312108401001
U000921,23.004810898603665
U009119,45.961769806709135
U006641,15.765633198635118
U007695,79.03381303084701
U008231,82.85936941470369
U007127,23.002955768769638
U004279,24.9517360847534
U002984,57.69119583148208
U000131,29.86979059830301
U007981,75.99856819934709
U002668,60.800356348221364
U007139,28.275982797383342
U003224,43.56683966817034
U007694,18.624557943841115
U005393,31.8013197039602
U000615,43.15753382461807
U009903,63.576082509073906
U001467,41.77522060168088
U004498,73.0193800611889
U003043,73.41392137138286
U002420,16.875429729805713
U005086,49.27806670515514
U003295,21.9649355943331
U006738,23.202661360588284
U001501,30.510154790056728
U001522,45.2548595955393
U009118,29.380798433369453
U004233,63.01634968413049
U007687,28.788394672006635
U004431,13.652501584264169
U000391,18.585745135529166
U009859,79.23108911466093
U007125,14.631619612947732
U005914,34.84483375797176
U008593,14.075328434402968
U004807,47.34805302681128
U008955,78.94908859366654
U008239,12.45027438090604
U008045,74.29942819374764
U009783,49.940905900600455
U003994,41.52440315352746
U009552,22.95664651663028
U006610,47.93083897077113
U005320,58.380130069879755
U007120,79.66708991184926
U002422,81.9021418649197
U005605,34.11264554807274
U001751,86.20045095338934
U009016,88.39843854927844
U009719,70.57312356063031
U000339,29.246673015685275
U008408,85.08149141264471
U001342,21.57068703162569
U009545,12.543173480684775
U007983,38.53046708381755
U003641,21.88564331743732
U000330,25.111455081798955
U008829,31.94105521035524
U003005,25.210273274512723
U006961,15.292618528131275
U004091,55.51631196728457
U002323,25.109874238359488
U006668,47.64925605001859
U007010,38.031199114964465
U004198,25.512165518166046
U003550,21.77059787766854
U008364,53.00950993598453
U004204,39.35837186521896
U009311,18.716481328610428
U008937,18.979418963844093
U006186,41.59600237669463
U001640,71.8922811712464
U000061,20.25218192893281
U001241,36.648403082205625
U005761,78.17867109084759
U005137,23.534119460027217
U002344,44.8095911623807
U002121,28.64551962183813
U001525,40.262773178174264
U007618,35.57062519182758
U000154,57.02034188334202
U000482,70.28655945305285
U006123,29.89069107836468
U007675,34.785056627752155
U007102,74.51491037906894
U001763,39.73673375448195
U007716,32.94303369514079
U009082,35.25565126299541
U007480,78.58314571298125
U006213,74.60175338407595
U004854,26.79805876255263
U002712,35.337338989021376
U006767,74.03815943343713
U004151,44.49091349181269
U001334,60.178769499637156
U008379,85.92555584679853
U009390,24.791252522269122
U009708,23.36566397972344
U009122,33.64915614825294
U003851,50.12492642431652
U008341,16.300943536988854
U004125,34.05807254968003
U008964,40.854671686160145
U004789,61.16377522644735
U002867,34.17339308088861
U001387,25.847108021251913
U005942,83.40294059015054
U003068,70.11387312478755
U009059,81.26162874864879
U003630,54.27219972662437
U009456,54.15136743039221
U008950,52.41967234572977
U003029,59.44302038272477
U002970,25.625843750957916
U008647,21.36731697920067
U006137,42.53270392192709
U008802,17.802415837942327
U004264,28.369939432843633
U000646,79.41473618819514
U009654,34.31077883050862
U002075,37.197690549568364
U000342,51.35975852666195
U008042,16.55591964879367
U001623,43.34182439709926
U007142,36.95812956786791
U005797,50.345247750664825
U007185,89.36096008376177
U008233,77.0812479454857
U005476,64.22011654336181
U009253,51.56603135662824
U000075,32.68302033069418
U008634,59.448439781619655
U009230,21.592190481722973
U002052,94.14944627790875
U002542,19.96926292635225
U001302,24.647169771951294
U005878,28.945186477478824
U007369,50.28088952601606
U001305,44.9988286747822
U008429,24.66224571933682
U009095,85.59263038163908
U002600,31.17007339919986
U002574,24.736624954419874
U003187,43.682329375188075
U002769,61.18664022538772
U004832,47.83758014727553
U004224,26.47499454828994
U009650,7.389319445857144
U002107,23.034857718814063
U002680,37.1460136072226
U001388,18.448603994994997
U008932,27.40656250265961
U009660,63.66248392046104
U007084,17.566634661979652
U001280,88.08371340395608
U000805,67.35764128565614
U001556,12.016039102295169
U009487,40.396184063962615
U004567,89.35815621490956
U009670,70.7626982388509
U004842,21.221451029908803
U003595,65.96239394604886
U006036,79.98678135650893
U006853,55.8516025776928
U008706,24.686196080118847
U004178,53.68465943369228
U001309,12.845788213456217
U003453,16.235741237089393
U003696,46.52671450696326
U004243,21.82027401831522
U002199,24.30819899116722
U004426,9.233644094523159
U006151,43.51939428126419
U000944,46.918040394101965
U000823,14.47947456907366
U005006,27.2907042421169
U006613,35.673076069098144
U008357,39.42242587199909
U005620,19.449762185124573
U004548,88.75245417962009
U002539,22.818563342539967
U005208,46.2473892942134
U009515,23.321633605764482
U009010,20.889562415745612
U003055,41.36030105964893
U003676,35.53491191910243
U007777,15.550614108996516
U007219,23.075496248798856
U006723,34.061402837538026
U003301,86.69498108769464
U003311,11.173773498280497
U007222,75.64200800584868
U008520,29.728494588978833
U005955,35.22658292276782
U000833,91.21757332826596
U003463,81.06562801998486
U007644,38.544504441185474
U000055,34.65792693934887
U003452,84.49251688984057
U006306,43.4847016602595
U001482,16.920027494379095
U004874,17.559427273353837
U008039,29.5662763298294
U003336,75.02517848005027
U006017,10.89017666813605
U004927,32.54669895811036
U005798,65.69384155322953
U009832,29.646460749320248
U005084,24.939643056723945
U006646,24.739762360665495
U005491,52.39765159556743
U000769,25.196347651610846
U002066,29.86870055715244
U009501,78.6084044311317
U007312,21.576490297988364
U008478,83.93808426624318
U004525,68.67884614998069
U002718,29.39926435466369
U002080,30.89163034181504
U008915,13.296817002475159
U000952,24.471475976558736
U008059,47.32563509303429
U002483,82.73937287706957
U001760,39.740756405703905
U004423,36.092882241258486
U006705,21.098950253038332
U005183,53.190882196574854
U008534,20.848231293107524
U003702,30.311567390392224
U004244,52.217795938744246
U000689,42.13759758811156
U003433,16.82654513935971
U004945,17.47612930584562
U000967,42.24116159578933
U009485,25.98315231828351
U002714,38.51457883763975
U004758,26.92709349085923
U009546,34.49401136372946
U006321,20.222984500556592
U005976,52.694107572997936
U003573,33.87067085528439
U005300,38.93454875335649
U001991,25.95948249011817
U001206,78.86870513716087
U004972,71.45877994070497
U006784,33.87869133368711
U003601,60.346797197667044
U006491,29.581351489094793
U008610,56.83253502826883
U009979,57.02488506630304
U008071,47.99495361361242
U008578,48.20425490393935
U007974,71.99195493504284
U001626,23.151742785191733
U000537,22.915744432066067
U008767,72.09440846144993
U007971,28.197573965595318
U004213,28.67387576847551
U006457,73.97370611050974
U003508,22.53262906867347
U008394,25.392931938302926
U007113,33.34059771000244
U002709,74.86600129707611
U005032,16.015733669353725
U006515,26.355976753037112
U004663,25.63097630789155
U004022,69.46631389769347
U001855,57.1957830102689
U009426,19.01319185364072
U002873,68.50634796115568
U003031,37.13455590134305
U001646,85.36674639561662
U003418,13.664251644326782
U003477,28.57500124978109
U009553,29.98708356557465
U001793,24.894187201857445
U003798,52.19295856477974
U003369,15.99881878039675
U007197,35.20614473314119
U009642,25.540095790700327
U005110,34.478883984119676
U006025,51.982974096130576
U008796,84.98293325705696
U009295,29.473667697033196
U000127,27.60488953370003
U005960,24.310748018321757
U003877,57.83218204322711
U004452,77.82210579342212
U007148,47.714408519854636
U003532,24.849007930987213
U000828,68.49023779983919
U007791,20.64934729774972
U000985,44.523804714057206
U007784,31.65315546430843
U002444,79.77539405879908
U008555,13.490804289089308
U000346,38.39204176394737
U000815,32.762738811149966
U006167,32.394551178286044
U005780,71.1527815756601
U002117,28.115160332739066
U000794,63.87497496216662
U006899,33.604455178265084
U002675,25.43869906026161
U000095,39.48812339152241
U004226,50.00233485945383
U003757,80.96583287642983
U002892,16.534830952457195
U002372,20.530641638444415
U009389,65.6021495841602
U003229,58.745415010877565
U007864,24.14207593007706
U006360,49.450572891217995
U009197,24.78957016026058
U007327,71.59003643739406
U006029,57.30337193966083
U001866,20.095480692535826
U004613,38.620094625677545
U002646,27.81767474860828
U002244,18.082062730598995
U005374,28.613475440027987
U002337,52.40174927396334
U000951,46.40353572182615
U001121,19.820442564950667
U002205,74.12197004573314
U000420,45.9080423122395
U000923,24.582202938629045
U008670,28.9442158017099
U005409,8.3728642083024
U005789,40.303915094190394
U005743,16.142478855494822
U007668,64.68736202577169
U005568,69.83667393194798
U008136,26.968329495726262
U001203,41.965360215242136
U005766,37.9849989521944
U008390,26.39205720075024
U001971,32.85678780594971
U004019,78.79648757432597
U003688,33.00933287789014
U001998,46.95501253405961
U004034,27.235549977341154
U001249,30.680998188184677
U002193,28.407961029158855
U002713,52.27193361709597
U002191,32.91471636773531
U004671,40.39909088516726
U005143,74.59956940592356
U005985,54.47713954807954
U006566,11.713699812210358
U007805,17.996701061464574
U006944,65.44827297203021
U002137,24.635995014555004
U001066,44.79878447980067
U000601,45.79098451249066
U004228,28.057334070880174
U007578,94.18882085074317
U000078,90.72702940233019
U007547,36.65115749472232
U002899,41.49114536136271
U004821,25.94452573192163
U009303,32.75701916540912
U006414,29.55716297386728
U009065,53.772324663385405
U008008,48.56919925504166
U005469,12.360540411777317
U005952,41.4381084188455
U003392,46.96923224906582
U005416,21.64585750569318
U002561,40.49471279588827
U008163,44.41751119620618
U002636,78.91641006144735
U005257,94.16626460815408
U003531,8.88402610646361
U008568,34.402716764176034
U001909,72.03199274358384
U000236,71.44036680656515
U001605,38.31838077687721
U007985,17.284486751187444
U003491,27.265599576730875
U001995,18.455982203088972
U002825,15.557708382620886
U009286,59.75379611524959
U001343,85.86203429010624
U008513,71.30672099789858
U001620,25.62969426769946
U005288,26.543870623147033
U002061,81.01852283982473
U009956,29.84687570987837
U002220,14.702907789930908
U006039,50.437097720793375
U000261,69.25863184849348
U009366,87.62313056834621
U009094,40.396373874139904
U003745,57.333749948630086
U002027,77.99084048488567
U006989,64.26779053507073
U004235,58.98272771449903
U001918,22.219451995494325
U001829,47.88414828022204
U006234,36.62024440626803
U009333,24.7951666588944
U006284,10.08996750363678
U004209,14.776776937667528
U000225,42.064594949355886
U008916,44.520560226056396
U006470,77.95775326454049
U009414,39.51414294277652
U000847,76.87605059887117
U004290,27.010122826802135
U005561,82.36372450187571
U002552,42.047189940135105
U000118,39.27884144238692
U008838,34.463933651968006
U005967,70.33188970826677
U008196,28.302782469743875
U008660,26.855914077170084
U007490,44.069801223737244
U000006,9.404435142149996
U005343,89.56677748134258
U009112,79.03488558284344
U004325,18.632549807688626
U001064,32.28468397486813
U002591,12.109056202463913
U008435,10.934430554671437
U003736,30.32252462776861
U003518,27.19702143468789
U006987,34.525863483904004
U006768,42.43580902987478
U005623,30.631060154999428
U001606,37.6657320496252
U001734,18.500239408252032
U009342,25.545132090440788
U003813,20.77725707996867
U009625,25.973212262082342
U001762,17.636690578885986
U005402,29.532796394644794
U002740,42.6796674484552
U002473,15.191193241746312
U006739,30.124919654906552
U006892,63.77257675891411
U007944,18.49100327578678
U004207,37.327651501138504
U006372,45.973245412578216
U000233,83.01704818868642
U008259,43.503685537708044
U007562,23.495725338879208
U006169,76.40568813469791
U003597,40.22034697713256
U006289,12.089453836386447
U004633,22.46607373999578
U000126,47.01961429086563
U007642,91.43938197333145
U006230,53.80120382763436
U001297,63.65286798626219
U001977,88.80121707945816
U009481,31.58229407556951
U009582,79.30965572439183
U005751,83.46219276344208
U008153,83.64694076680264
U003087,65.04870029445384
U009277,19.337568679430014
U006883,76.02036931017734
U009306,52.42156521831029
U007674,86.59446050606645
U003346,9.459447101933026
U008173,21.92952227269933
U009422,23.414243587028587
U005871,83.99254559123449
U006507,74.8099209284525
U002798,52.57796725681927
U000919,87.09472048647801
U001647,49.98355078909811
U005123,67.59904790555228
U005127,34.85454474023553
U004622,14.378861110594901
U006810,65.29410955466321
U000365,29.630845812645312
U002126,61.313278623963654
U008151,29.572738303471002
U008718,37.76216683368569
U000056,38.11370006403921
U000639,75.72057274379475
U000303,23.411299450250024
U005812,33.61929373021517
U001277,84.37893263807509
U004433,73.2173184471651
U003645,48.62351448714789
U004144,45.52097757773772
U002879,55.63222890784173
U006494,23.232847427686757
U005241,22.013528064081086
U009409,39.59398827050734
U006938,19.418239060980905
U007241,67.06682463013394
U002594,24.051900271026526
U002394,16.840480989332555
U000524,35.50275475317351
U006377,77.36070388358685
U006982,87.28204178394482
U006678,44.92815236051924
U003901,61.989621516129745
U009635,32.98992434461538
U005586,79.36148960847443
U009361,52.925891246194524
U007957,89.4176379101724
U007571,90.73094043929851
U006778,15.077265932293423
U000672,43.44045693285648
U004189,33.166194760660844
U000667,36.17784579529
U003267,43.73450995127345
U001888,37.01760680643471
U008473,59.269899009383856
U009092,52.56200985063867
U007688,37.95585426585353
U006032,52.196297039314175
U006091,57.06711053059267
U006239,52.886612607267516
U007351,67.9983573593761
U007831,58.41097662716454
U000761,37.39712061230498
U006255,62.40006004461963
U001907,34.76711111559379
U003819,53.28903504049632
U006270,45.2613114902577
U004301,27.65939564783771
U005570,12.115656893268339
U007942,16.69055806912778
U004165,14.180010664905742
U005972,54.16901263779813
U003580,14.478225674346549
U002833,62.190119064741175
U005450,10.077476208481627
U003473,28.27655273618938
U006328,34.171679847835016
U000138,20.910200904345263
U007044,40.135844688927634
U004893,54.86090676360176
U002181,56.260083398556425
U007731,19.258837621543226
U003178,11.478218052753963
U004855,71.1167853039748
U004638,27.803337846723302
U005116,18.13757698826932
U007649,65.83164649270631
U004262,54.890294726980734
U001332,24.82915641658552
U007003,35.06506577547462
U006942,23.178514287774966
U008018,43.462137708227644
U006242,45.14523061480031
U009988,56.70997033313752
U006882,15.626600224246568
U004531,37.891704416242206
U004674,90.62511621506326
U006997,22.510728903974016
U001253,58.80096693373533
U003375,20.91842836713781
U002815,88.32137474025534
U004720,50.62127448501938
U006545,22.239858362706833
U004859,58.98361377596949
U007902,21.24963636203657
U008581,48.821869019822266
U008428,78.30095964429326
U001078,68.96090303090249
U004364,17.338070146191022
U000771,90.2825781319263
U008866,62.93847071421226
U000250,43.35953183779578
U007240,30.684406845454564
U003420,44.28606945425225
U004977,40.35907906795095
U004545,32.266078842961555
U005566,87.17116456505462
U007940,26.054523262205226
U000717,27.697765984500826
U009653,82.70867851371068
U002049,36.11179302866338
U005998,16.232474426492207
U006601,17.32200125543828
U007246,52.65700387476341
U004179,31.666147801547428
U004810,22.390826865975445
U009483,57.57530057668924
U007141,74.27234290132753
U007191,47.99887119069485
U001461,53.13740450787678
U005990,38.18417288002121
U002001,49.449913448445166
U008176,29.093790987779784
U000405,15.498793830056067
U000385,23.1171546374522
U009449,83.28823812180217
U009488,51.65939551289518
U001634,15.881098111354733
U009854,68.906959590293
U004785,10.788142771106994
U009457,35.32622326688353
U006971,18.433249368147976
U003926,41.635060901795626
U004159,22.301131785991256
U007450,39.64382629784142
U008416,38.59419636705428
U002194,25.155419876443013
U001016,33.79985869047741
U005125,72.08201502878858
U007419,17.548271625990253
U007410,46.56138349779755
U008990,39.42347126400564
U002872,12.531181109591284
U000010,20.402473649133277
U001839,22.96492462647105
U004805,35.16972129187958
U000256,75.25346091969884
U007027,15.658020885610927
U005714,26.173845724609652
U003325,11.452763140314241
U007715,29.75166324371311
U001582,37.11862460301285
U000925,28.491171629945082
U002780,53.065583677499106
U007892,39.17421484379204
U006133,22.018110172939036
U005321,19.165685127189583
U007313,30.84893266480967
U007103,50.94574706054475
U006043,18.996019834770518
U003776,14.222726962257848
U004836,24.78162961749623
U004965,51.466483693075126
U000540,47.911366880143376
U007484,40.61190716335479
U002746,21.181560991709247
U003720,22.44968207209648
U006820,78.95612699586174
U009338,28.975707922167963
U004469,39.3339549017399
U000668,28.37600390083003
U007576,57.701917407365265
U008550,22.404377164009695
U005064,26.53906965303782
U001354,16.706225932217897
U007115,50.0772936944731
U009774,47.13159638346656
U008663,76.3158910837718
U002704,13.08580431138591
U003331,28.415003379680837
U008054,27.360072439373727
U003585,18.42649195115706
U009442,19.478063312403616
U005646,35.73069182255238
U003377,36.46197558921571
U001257,14.848677495177364
U006191,36.46950091208159
U005349,81.51403069505304
U004176,24.573776019064496
U004911,84.0368740911995
U001853,36.93842740470565
U006317,19.85112566314765
U009855,31.97106257463095
U002106,20.548883010364595
U000134,59.24276219812259
U005030,27.534514309524244
U000929,22.54508756747437
U000824,24.764046170254712
U007577,15.88959377580797
U001532,23.94412606500844
U001215,17.446461210665625
U000505,20.336931728912656
U006531,24.408305022613916
U003073,52.48287433331454
U009087,63.135518912241174
U008648,47.867329869313416
U006620,74.79158116881172
U009274,39.60971555532025
U003710,28.58691581903005
U004850,36.86493726852731
U004749,47.58790239947572
U004269,35.54010932228297
U009879,26.514634372728217
U008906,51.3225854319045
U004187,80.55208876492644
U005302,89.54389597292885
U002924,10.68612744970568
U006589,25.041972244019544
U001811,17.921933832411522
U003487,43.41009664551782
U007420,38.065191209948
U003142,42.598876167411426
U009348,35.70290321209276
U001325,38.320620574769585
U004313,79.45849565870273
U007495,29.87775066450999
U008703,50.318284752905996
U008692,75.86367350015024
U009504,12.31440255498501
U005542,81.89175233323867
U006173,74.85799672846484
U001541,64.04939795464797
U009410,27.35218507428021
U002682,43.947136167791804
U009883,7.452427288262138
U006314,69.62610225352547
U001192,61.38906711713913
U005294,50.70257717472807
U001543,30.97519024231048
U007057,62.46520973006115
U002540,20.603249591387627
U000954,46.4545938361427
U007242,15.551552315388935
U006732,15.071249214800842
U004847,17.8769210081564
U006802,19.945859412544486
U008011,17.197250233422267
U004331,41.19649817100874
U008925,29.26046657762611
U005335,37.84461149852589
U007331,80.75391689952451
U009349,25.922050239370193
U004730,27.2385426943896
U006542,29.481762945264123
U005306,45.67038885557365
U005162,44.6075073210549
U007861,27.671908198106383
U002157,44.485598140727575
U001063,29.826469061775395
U001168,43.97198842777208
U003637,18.24742533511264
U007652,35.252810117440184
U005589,56.053062706330294
U007193,20.138877719121936
U004492,90.91408500575005
U007267,36.26968325919505
U004981,18.526717629755197
U008336,39.977992725239474
U009953,55.88900897977314
U004947,37.63894165347211
U002783,29.178740569099542
U000718,27.07702004914097
U002503,49.72369435206701
U004361,47.28220562800942
U004172,66.01629402846089
U008083,28.26357826533185
U009761,13.861349728679167
U000396,12.925294502045661
U007187,15.32091850956431
U009823,44.249707172769895
U004493,33.43263689771369
U001366,11.472457175152865
U009527,75.51467565962352
U008788,83.78757774042312
U005918,84.90807433425617
U004969,17.540581284165466
U002915,19.406364677275914
U005645,27.55975364679843
U003767,7.255827931784287
U003441,32.33988251011212
U007358,65.92908705802387
U006807,28.66467132197799
U002144,20.72922291556084
U005105,41.90610142462939
U005074,87.37380527184713
U001572,43.197081651535036
U004080,30.1552991411657
U001123,31.831312183142458
U002787,8.916755242621466
U002968,36.82081074548974
U002505,14.7312793078646
U005989,53.33713914611199
U008868,84.9785093403813
U007165,40.52497847378717
U000729,52.084045364991994
U007588,20.01898699120378
U007544,34.54777308153687
U000413,30.180472376632455
U005746,30.06789261661243
U007669,19.440332551284545
U000826,32.257171467913054
U003268,59.332816628383256
U003975,27.04375360169493
U008809,24.779473754894557
U008307,30.909438191553935
U000418,58.92258136012557
U006749,60.907200406332194
U008968,29.886449631226757
U002083,27.24446180286891
U008946,12.343671021035812
U003374,37.13731428195794
U005727,53.336442728669276
U004108,66.81685209716018
U004381,34.376959349967024
U007724,82.3770827465243
U001067,88.0462319057137
U003914,43.26959523004666
U005537,54.60249284231947
U008003,55.391996992668446
U005388,65.2049397849123
U005733,46.19996753258479
U002739,36.54994233029613
U005053,18.69605486548954
U004001,66.17262614514931
U002428,22.279832705932183
U006834,18.03013114224914
U001688,69.1816213876341
U000852,41.767014445810496
U006304,31.76841012566137
U009088,15.43218499733771
U005879,13.288316859526658
U008528,25.423552420597566
U002840,35.575146159411304
U004612,68.0120671497142
U009541,27.155694612418408
U009208,34.529244850261385
U002490,55.8302612192057
U006906,32.429100441934914
U007391,81.58025673301381
U002850,10.573687196782211
U006666,58.193728189771456
U005882,13.816381164695482
U004453,31.15137236693446
U007422,39.878744438514765
U006485,45.5799888128255
U002480,44.94893741041273
U006618,81.1822659978403
U002142,42.22691994520056
U005189,66.77289784562487
U009705,48.593054069295995
U002745,19.7125562353659
U007254,18.520971230901505
U003507,78.51116963835686
U001680,82.51267152123725
U004250,48.15434898838526
U003148,83.55884157909297
U008131,64.31670978805771
U007005,41.22023216043427
U000581,87.71024668146885
U004071,81.04249312615525
U003344,79.90753429753964
U007405,23.046823019166528
U003673,39.78395092020541
U000560,36.185490596537775
U005238,78.14242204923528
U007806,62.83137836346246
U000513,43.31087121096779
U001082,26.78000036411332
U001665,23.891589620579342
U009205,88.08565487653243
U001932,15.240127268804967
U009667,30.67428774849374
U001151,26.28901243001172
U002839,38.39647900155529
U005950,68.33952235924657
U008309,75.34416736369876
U008933,56.51317681251841
U009789,17.719784977258097
U005178,43.386826057266816
U000831,6.166156936140112
U008312,27.576045599818748
U004753,86.62454057606197
U009851,49.92101041213869
U000636,35.32533611694761
U004466,14.612835119181335
U006800,31.25596278185581
U007988,61.410273589989885
U007080,21.987612491796142
U006967,50.19378913189515
U004143,32.11382334561289
U007028,77.06326892324032
U009184,14.794503076480261
U000877,61.1179229123508
U004870,31.551131620954482
U005316,37.32574436102422
U005223,67.02338552608654
U000005,36.22502102237078
U003052,37.273874598593586
U005692,76.7215490405456
U003125,89.73073754780955
U002492,92.72507524177539
U003855,19.118183908683704
U004778,64.50500017187373
U007510,23.201097136521046
U006458,26.303237563429565
U006294,30.469584541245453
U001149,81.73384633880804
U000575,28.336916891390906
U003770,46.617835423408174
U004147,13.162744586144157
U000854,11.70384121172055
U005920,50.57954089101341
U009359,76.36745554491023
U006615,30.87082491870254
U006003,10.974878634885068
U009164,30.082393253850448
U004496,26.92786439437553
U008174,73.1989516230814
U006656,88.75115343848051
U002369,34.132854725581474
U004781,25.554035406208424
U007993,49.80814453065638
U002951,13.401130593816376
U005626,52.83832678188097
U006972,73.10680321226731
U008717,90.43195948032613
U001842,24.780086890105714
U005987,8.074397919259123
U000538,59.133801472787475
U002807,43.37937993826419
U005802,44.4028192044765
U005597,25.453771004259256
U007207,24.157898213194827
U007344,60.71652373733669
U007561,80.21795143078366
U008097,30.562696819664374
U000785,33.65720321306113
U001410,57.11101384367056
U000155,20.23212363852452
U007807,37.24181963495708
U003010,85.605796115112
U001687,85.7044985653126
U004015,20.71492956944897
U007456,25.01021387036042
U003864,14.31378614700034
U002734,44.208508987087384
U001896,73.18580249287686
U005443,34.62223024493707
U000570,41.15168000056262
U006710,88.00930843344473
U005855,61.000009585290584
U001817,92.62119472010163
U008320,24.19646272752215
U003395,54.25462076881013
U003328,29.105625598282586
U009983,47.94923027042413
U006103,28.50456573180333
U002976,30.08420895533948
U000981,53.40444394511255
U000191,55.23087713381021
U009332,15.01394984112087
U005089,67.16922250943632
U000700,14.079883779893079
U009760,17.12266532299811
U000607,70.30350674404353
U000302,49.465566980096945
U003421,29.82776005676444
U009805,76.41425961211974
U001061,63.12161263080912
U003445,42.14079504802975
U001070,33.91388132409695
U002206,60.47422448929775
U009436,60.91478437684158
U007340,29.397880903087565
U008209,18.361909203659135
U007680,17.729658474286328
U004643,33.717051061843776
U007684,11.672916821755853
U009008,33.719098815540335
U007997,28.852451444060172
U005601,19.583519571393783
U009152,36.07591718761593
U007023,50.71913559954532
U004894,33.74015941913973
U000226,10.066864560471757
U003355,36.37106169430015
U005896,64.04437353825115
U008755,77.73458901295383
U003437,15.717030062639004
U001694,65.64405808623964
U006894,23.087661271235994
U001046,55.631701131859366
U003447,50.132548209120266
U008051,77.86544679681079
U009147,21.900138051665273
U009982,81.64716077093689
U004736,45.63884086426405
U004497,18.47552162063224
U001219,28.936336373375976
U006016,59.45813686189803
U009720,52.67987092257046
U003988,27.06160974167654
U004912,17.812480960089054
U009493,36.92055141564627
U004494,19.31374692697735
U006945,58.06343546517532
U005700,84.45933781120273
U008353,44.80495650138177
U000957,27.89765988929983
U002870,49.7055860720443
U004434,33.709148698171816
U004974,81.30493870455105
U002962,31.545623677650493
U002201,21.849359958688808
U000099,87.02952333771715
U009850,80.14551299193627
U002558,83.56591903346752
U008446,83.46458332146501
U004200,18.538340744219596
U009638,57.1150948443651
U005540,20.894303091442733
U001649,4.546544390344985
U006198,38.17176143224361
U006296,75.15837846112098
U004500,34.881316616035086
U001155,76.6418687910877
U002256,68.6035437426837
U003171,68.12569950611959
U007401,48.46414144966271
U007159,67.55459301221823
U003109,35.94493698168687
U004549,77.49138675980291
U005424,21.800638597730064
U002050,36.19603371897824
U009209,12.34275689471202
U008816,15.948611963342085
U009798,40.98780497365915
U000263,68.36672356673489
U004062,18.91098832446968
U005535,65.34369131424022
U006617,24.280963971635934
U008121,40.6641234416307
U008156,14.599825496383948
U001803,62.375709089771824
U004737,24.83277777583742
U002386,14.242857900995945
U006695,11.971763492727268
U005760,20.93802329157742
U001960,47.344975888598356
U002977,28.26140741234997
U008681,87.51847752951744
U001844,20.824775329132997
U001735,21.480439845342357
U002912,63.653477025529334
U008339,82.96355570944206
U001987,36.06584779950643
U009562,40.257032837768065
U006547,68.10395251213629
U007099,26.802072122605242
U002812,33.21428815404418
U000660,16.568324209383935
U002512,34.18181490034557
U004283,52.87074184262172
U009340,74.55541406105314
U008801,30.869943496630874
U006288,80.63057894551005
U001931,21.232533155867355
U007126,24.528063822625327
U000198,20.36147330550701
U007778,37.24048085298659
U002932,9.231063555314426
U008005,46.8964622356947
U002328,27.684649807730615
U004390,67.06487327020979
U008959,87.90730589067097
U004219,28.14661567226443
U000203,56.57423361570234
U003511,27.303299968401397
U004932,87.88995337074152
U005536,41.25921393076694
U005792,75.00414394564844
U001708,33.48622597970181
U005173,27.494105290507147
U005250,87.81735985250207
U006529,29.3490135963619
U009849,44.02812469053532
U005856,12.968390327638266
U008165,87.36344811851214
U000855,40.28830431891699
U004738,39.17527147311585
U000699,50.70925494084747
U003697,17.92723906872135
U001637,22.68296391422127
U007281,37.157396892675884
U007555,20.077981164444957
U003582,31.208987043570176
U001292,25.37205055889365
U006586,74.1640741760354
U001854,20.407457472291515
U005233,35.51816697215522
U003764,18.996571425369176
U003305,39.822041305870655
U001496,87.8265233132788
U007995,24.130176673944273
U001999,66.55359421078877
U000664,68.4530944449773
U003749,55.57391082144464
U004414,15.09888716038302
U005531,62.12173150529715
U005576,17.243204685494575
U008902,21.758354843138335
U007527,40.78302814456016
U009475,76.22827959504924
U005865,63.88839583522409
U006777,23.504682092461184
U001307,19.987526480187885
U007393,17.68397149113772
U005593,45.39406752619473
U009722,24.7437961679659
U001664,21.773737577148676
U005451,51.12269797699882
U009955,25.16961359004581
U003628,20.581843795141673
U002694,11.823485948027516
U009790,21.71434131330324
U005916,68.32361571560256
U003158,57.92878492260122
U006669,69.77486980039468
U001060,54.69611804501186
U004637,29.616663466641285
U003243,44.9393247725397
U001679,58.44571203630034
U006893,53.4339896297265
U006375,56.5890265924029
U007575,67.15525231102703
U001758,17.148061380214376
U006020,41.80137590223392
U005117,20.45832984602553
U008756,25.35133274007238
U007409,31.416977870994895
U002791,89.74050640585676
U000864,44.26724589397291
U007859,29.304417555637286
U001485,65.10164170283423
U007036,35.547093443886865
U007722,59.05120046083374
U005978,17.208765378298523
U005135,37.98041961918066
U000207,49.807084210333066
U004489,34.89532248701745
U006939,83.2012692225113
U009063,71.84465164985953
U006911,71.87117340109155
U000503,29.21625169295871
U007386,40.543057267556684
U001029,13.321364501528251
U003841,20.109904266150494
U008111,26.174508437738826
U005057,83.5029740724198
U009763,25.770037315844966
U008155,17.102263343066156
U002732,56.112736185065174
U008997,32.49238376751581
U002455,22.25821510288806
U007216,25.63626884009691
U003105,67.98721776630799
U008393,31.8201330232899
U006279,68.75236964654037
U003100,37.266101205996065
U006185,47.93211449616177
U003562,80.01238764142079
U005893,65.37510571023519
U000392,46.52227255616473
U006737,63.917540412650666
U005619,48.394354443454986
U005259,28.292226694056104
U009688,78.8819506562821
U002696,18.315069588282597
U002028,29.83955804012066
U005464,16.032537385465613
U002569,17.064727359651002
U008007,39.6910811062362
U000065,30.659361155449787
U002063,90.71118380118698
U005277,80.88231882298238
U007209,56.25307615129106
U008685,17.656662579662584
U008572,26.35786389357049
U006332,21.844007522656014
U004860,79.97430702513698
U004888,40.5462226483732
U009269,33.87331856182003
U000879,91.67207337651554
U008530,38.395523051242115
U007917,18.321561235145037
U006864,29.73132153286934
U007893,31.839042197023197
U006440,84.89478673170262
U007870,72.45699027135242
U001017,26.320416913762106
U009468,39.08054099278927
U007630,10.094952665338182
U000996,52.47668350736735
U004298,73.8228914662523
U000162,10.888802605612351
U005676,65.57774332883469
U006874,40.144600116750375
U009693,49.99529439129766
U007990,60.117873770845755
U003844,20.533496718252316
U001022,41.93395867575801
U003074,29.791553240903525
U007556,28.341415662877782
U003944,48.115456242213945
U001586,21.429381394857757
U003153,28.30390677232008
U008227,54.53982839559012
U000776,63.51051280881656
U009671,58.17349092050404
U007100,69.10606679290532
U005487,69.11407254971195
U006236,16.974185352725353
U009556,61.65216849698193
U007042,13.451494741422296
U002613,72.7777373907129
U007514,69.92060612044901
U008434,16.758673086687125
U008793,24.3810819630368
U005394,91.96919835976588
U008839,18.07328014677291
U003891,40.462143887908724
U003557,28.11085068415667
U001529,64.63388228846102
U001268,23.001027882579436
U007735,45.77017000876353
U001900,47.533679457758524
U004659,49.30349298664659
U003006,69.64645129944334
U002735,50.080120854373014
U000190,41.20927009766898
U009168,34.74672991151806
U002748,87.0518308777953
U002048,69.3881656639212
U007850,33.69405081813476
U002559,79.35692942325502
U009275,68.83286368018574
U008667,31.863246508575276
U006397,52.56794051253646
U003386,28.410165362736322
U004556,18.090764694682385
U001185,19.94427203315213
U006421,31.21277395487597
U005052,19.42606779061752
U005312,87.39746551975004
U002434,65.28756048294943
U006950,15.226989670478089
U000770,23.934576946232085
U001686,23.562056336118765
U008323,62.84144669332979
U005579,77.06943268926229
U004427,53.21871645550876
U000467,28.072599091882562
U006266,26.574577082868718
U005735,47.68407057102781
U005192,10.96795265336034
U005391,48.185355412107356
U000861,18.006251348409993
U007271,37.82648342041217
